{
	"swagger": "2.0",
	"info": {
		"version": "1.0",
		"title": "OnboardApplicationDocumentation API",
		"description": "OnboardApplicationDocumentation API is a REST service, 20180614"
	},
	"host": "localhost:9574",
	"basePath": "/esbapi/document/onboardApplicationDocumentation/v1",
	"schemes": [
		"http"
	],
	"paths": {
		"/form/generate": {
			"post": {
				"description": "",
				"operationId": "post-esbapi-document-onboardapplicationdocumentation-v1-form-generate",
				"consumes": [
					"application/json"
				],
				"produces": [
					"application/json"
				],
				"parameters": [
					{
						"name": "apiheaderrequest",
						"in": "header",
						"description": "pass the json string using definition (#/definitions/APIHeaderRequest) ",
						"type": "string",
						"required": true
					},
					{
						"name": "body",
						"in": "body",
						"description": "",
						"schema": {
							"$ref": "#/definitions/GenerateFromApplicationRequest"
						},
						"required": true
					}
				],
				"responses": {
					"200": {
						"description": "a GenerateFromApplicationResponse to be returned",
						"schema": {
							"$ref": "#/definitions/GenerateFromApplicationResponse"
						},
						"headers": {
							"apiheaderresponse": {
								"description": "#/definitions/APIHeaderResponse",
								"type": "string"
							}
						}
					},
					"400": {
						"description": "Bad Request fault response",
						"headers": {
							"apiheaderfault": {
								"description": "#/definitions/APIHeaderFault",
								"type": "string"
							}
						},
						"schema": {
							"$ref": "#/definitions/APIError"
						}
					},
					"500": {
						"description": "<operation|resource> fault response",
						"headers": {
							"apiheaderfault": {
								"description": "#/definitions/APIHeaderFault",
								"type": "string"
							}
						},
						"schema": {
							"$ref": "#/definitions/APIError"
						}
					}
				}
			}
		},
		"/form63/generate": {
			"post": {
				"description": "",
				"operationId": "post-esbapi-document-onboardapplicationdocumentation-v1-form63-generate",
				"consumes": [
					"application/json"
				],
				"produces": [
					"application/json"
				],
				"parameters": [
					{
						"name": "apiheaderrequest",
						"in": "header",
						"description": "pass the json string using definition (#/definitions/APIHeaderRequest) ",
						"type": "string",
						"required": true
					},
					{
						"name": "body",
						"in": "body",
						"description": "",
						"schema": {
							"$ref": "#/definitions/GenerateForm63Request"
						},
						"required": true
					}
				],
				"responses": {
					"200": {
						"description": "a GenerateForm63Response to be returned",
						"schema": {
							"$ref": "#/definitions/GenerateForm63Response"
						},
						"headers": {
							"apiheaderresponse": {
								"description": "#/definitions/APIHeaderResponse",
								"type": "string"
							}
						}
					},
					"400": {
						"description": "Bad Request fault response",
						"headers": {
							"APIHeaderFault": {
								"description": "#/definitions/APIHeaderFault",
								"type": "string"
							}
						},
						"schema": {
							"$ref": "#/definitions/APIError"
						}
					},
					"500": {
						"description": "<operation|resource> fault response",
						"headers": {
							"apiheaderfault": {
								"description": "#/definitions/APIHeaderFault",
								"type": "string"
							}
						},
						"schema": {
							"$ref": "#/definitions/APIError"
						}
					}
				}
			}
		}
	},
	"definitions": {
		"GenerateFromApplicationRequest": {
			"allOf": [
				{
					"$ref": "#/definitions/CommonRequestType"
				}
			]
		},
		"GenerateForm63Request": {
			"allOf": [
				{
					"$ref": "#/definitions/CommonRequestType"
				},
				{
					"type": "object",
					"properties": {
						"payload": {
							"type": "string"
						}
					}
				}
			]
		},
		"GenerateFromApplicationResponse": {
			"allOf": [
				{
					"$ref": "#/definitions/CommonResponseType"
				}
			]
		},
		"GenerateForm63Response": {
			"allOf": [
				{
					"$ref": "#/definitions/CommonResponseType"
				}
			]
		},
		"CommonRequestType": {
			"type": "object",
			"required": [
				"language",
				"applicationID"
			],
			"properties": {
				"version": {
					"type": "string"
				},
				"applicationID": {
					"type": "string"
				},
				"language": {
					"type": "string"
				},
				"applDateTime": {
					"type": "string"
				}
			}
		},
		"CommonResponseType": {
			"type": "object",
			"properties": {
				"applicationID": {
					"type": "string"
				},
				"language": {
					"type": "string"
				},
				"documentPackages": {
					"$ref": "#/definitions/documentPackages"
				}
			}
		},
		"documentIdMap": {
			"type": "object",
			"required": [
				"idPair"
			],
			"properties": {
				"idPair": {
					"type": "array",
					"items": {
						"$ref": "#/definitions/idPair",
						"uniqueItems": false
					}
				}
			}
		},
		"idPair": {
			"type": "object",
			"required": [
				"documentId",
				"referenceId"
			],
			"properties": {
				"documentId": {
					"type": "string"
				},
				"referenceId": {
					"type": "string"
				}
			}
		},
		"documentPackages": {
			"type": "object",
			"required": [
				"package"
			],
			"properties": {
				"package": {
					"type": "array",
					"items": {
						"$ref": "#/definitions/package",
						"uniqueItems": false
					}
				}
			}
		},
		"package": {
			"type": "object",
			"required": [
				"packageId",
				"type"
			],
			"properties": {
				"packageId": {
					"type": "string"
				},
				"type": {
					"type": "string"
				},
				"documentIdMap": {
					"$ref": "#/definitions/documentIdMap"
				}
			}
		},
		"correlation": {
			"type": "object",
			"required": [
				"callPath",
				"myId",
				"myTimeStamp",
				"requestId"
			],
			"properties": {
				"requestId": {
					"type": "string"
				},
				"myId": {
					"type": "string"
				},
				"myTimeStamp": {
					"type": "string"
				},
				"callPath": {
					"type": "string"
				},
				"keyValues": {
					"type": "string"
				}
			}
		},
		"additionalInfo": {
			"type": "object",
			"properties": {
			}
		},
		"APIHeaderFault": {
			"type": "object",
			"required": [
				"correlation",
				"responseStatus"
			],
			"properties": {
				"correlation": {
					"$ref": "#/definitions/correlation"
				},
				"responseStatus": {
					"type": "string"
				},
				"additionalInfo": {
					"$ref": "#/definitions/additionalInfo"
				}
			}
		},
		"APIHeaderResponse": {
			"type": "object",
			"required": [
				"correlation",
				"responseStatus"
			],
			"properties": {
				"correlation": {
					"$ref": "#/definitions/correlation"
				},
				"responseStatus": {
					"type": "string"
				},
				"additionalInfo": {
					"$ref": "#/definitions/additionalInfo"
				}
			}
		},
		"what": {
			"type": "object",
			"required": [
				"APIFunction",
				"API"
			],
			"properties": {
				"API": {
					"type": "string"
				},
				"APIFunction": {
					"type": "string"
				},
				"keyValues": {
					"type": "string"
				}
			}
		},
		"validationExceptionDetail": {
			"type": "object",
			"properties": {
				"errorText": {
					"type": "string"
				},
				"xpathText": {
					"type": "string"
				}
			}
		},
		"APIHeaderRequest": {
			"type": "object",
			"required": [
				"correlation",
				"headerVersion"
			],
			"properties": {
				"headerVersion": {
					"type": "string"
				},
				"digitalSignature": {
					"type": "string"
				},
				"timeoutTime": {
					"type": "string"
				},
				"correlation": {
					"$ref": "#/definitions/correlation"
				},
				"what": {
					"$ref": "#/definitions/what"
				},
				"where": {
					"$ref": "#/definitions/where"
				},
				"who": {
					"$ref": "#/definitions/who"
				},
				"additionalInfo": {
					"$ref": "#/definitions/additionalInfo"
				}
			}
		},
		"where": {
			"type": "object",
			"required": [
				"originatorLocationId",
				"originatorSessionId",
				"originatorChannel",
				"originatorLocationType",
				"originatorApplicationCatalogueId"
			],
			"properties": {
				"originatorLocationId": {
					"type": "string"
				},
				"originatorLocationType": {
					"type": "string"
				},
				"originatorApplicationCatalogueId": {
					"type": "string"
				},
				"originatorChannel": {
					"type": "string"
				},
				"originatorSessionId": {
					"type": "string"
				},
				"keyValues": {
					"type": "string"
				}
			}
		},
		"validationExceptionDetailList": {
			"type": "object",
			"properties": {
				"validationExceptionDetail": {
					"type": "array",
					"items": {
						"$ref": "#/definitions/validationExceptionDetail"
					}
				}
			}
		},
		"APIError": {
			"type": "object",
			"required": [
				"errorCode",
				"detailedMessageText",
				"componentName",
				"exceptionHandledIndicator",
				"serviceExceptionSeverityType"
			],
			"properties": {
				"errorCode": {
					"type": "string"
				},
				"exceptionSource": {
					"type": "string"
				},
				"componentName": {
					"type": "string"
				},
				"detailedMessageText": {
					"type": "string"
				},
				"exceptionHandledIndicator": {
					"type": "boolean"
				},
				"serviceExceptionSeverityType": {
					"type": "string"
				},
				"exceptionType": {
					"type": "string"
				},
				"endSystemState": {
					"type": "string"
				},
				"stackTrace": {
					"type": "string"
				},
				"dataSourceSystemName": {
					"type": "string"
				},
				"dataSourceType": {
					"type": "string"
				},
				"additionalDebugText": {
					"type": "string"
				},
				"validationExceptionDetailList": {
					"$ref": "#/definitions/validationExceptionDetailList"
				},
				"MessageList": {
					"$ref": "#/definitions/MessageList"
				}
			}
		},
		"MessageList": {
			"type": "object",
			"properties": {
				"ServiceResponseMessage": {
					"type": "array",
					"items": {
						"$ref": "#/definitions/ServiceResponseMessage"
					}
				}
			}
		},
		"ServiceResponseMessage": {
			"type": "object",
			"properties": {
				"rankNumber": {
					"type": "string"
				},
				"messageCode": {
					"type": "string"
				},
				"messageText": {
					"type": "string"
				},
				"sourceSystemMessageText": {
					"type": "string"
				},
				"componentName": {
					"type": "string"
				},
				"messageSeverityType": {
					"type": "string"
				}
			}
		},
		"who": {
			"type": "object",
			"required": [
				"partyMultiFactorAuthenticationIndicator"
			],
			"properties": {
				"employeeUserId": {
					"type": "string"
				},
				"employeeUserIdType": {
					"type": "string"
				},
				"partyAccessId": {
					"type": "string"
				},
				"partyAccessIdType": {
					"type": "string"
				},
				"partyMultiFactorAuthenticationIndicator": {
					"type": "string"
				},
				"partyId": {
					"type": "string"
				},
				"partyIdType": {
					"type": "string"
				},
				"keyValues": {
					"type": "string"
				}
			}
		}
	}
}