<?xml version="1.0" encoding="UTF-8"?>
<configuration scan="true" scanPeriod="60 seconds" debug="true">

	<!--
		The value of the property 'channel.services.base.log.dir' contains the
		base directory path where the logs will be written for the Channel Services
		
		The full path to a property file where this property is defined must be passed 
		into the JVM as follows:
			java -Dchannel.services.env.config.file=<PATH_TO_CONFIG_FILE>
	-->
	<property file="${api-workflows.channel.services.env.config.file}" />

	<property name="messages.logger.filename" value="${channel.services.base.log.dir}/channel-services-messages" />
	<property name="events.logger.filename" value="${channel.services.base.log.dir}/api-workflows" />
	<property name="apache.cxf.logger.filename" value="${channel.services.base.log.dir}/apache-cxf-messages" />

	<appender name="MESSAGES-LOGGER-FILE" class="ch.qos.logback.core.rolling.RollingFileAppender">
		<file>${messages.logger.filename}.log</file>
		<rollingPolicy class="ch.qos.logback.core.rolling.TimeBasedRollingPolicy">
			<!-- Daily rollover -->
			<fileNamePattern>${messages.logger.filename}-%d{yyyy-MM-dd}.log</fileNamePattern>
			<maxHistory>90</maxHistory>
		</rollingPolicy>		
		<encoder>
			<!--<pattern>%d{ISO8601} Host=${HOSTNAME} AppName=Channels-{{applicationName}} Component=Channels-{{applicationName}} Level=%-5level CorrID=%X{X-BMO-REQUEST-ID} Detail=&quot;%msg&quot;%n</pattern>-->
			<pattern>{"@timestamp":"%d{yyyy-MM-dd'T'HH:mm:ss.SSS}", "logLevel":"%-5level", "threadID":"%t", "additionalInfo":"%msg", "corrID":"%X{X-BMO-REQUEST-ID}", "application":"Channels-api-workflows", "serviceName":"%X{serviceName}", "appcat": "15255", "workflowID": "%X{workflowID}", "networkId":"%X{networkId}"}%n</pattern>
		</encoder>
	</appender>

  	<appender name="ASYNC-MESSAGES-LOGGER-FILE" class="ch.qos.logback.classic.AsyncAppender">
		<queueSize>256</queueSize>
		<discardingThreshold>0</discardingThreshold>
    	<appender-ref ref="MESSAGES-LOGGER-FILE" />
  	</appender>

	<appender name="EVENTS-LOGGER-FILE" class="ch.qos.logback.core.rolling.RollingFileAppender">
		<file>${events.logger.filename}.log</file>
		<rollingPolicy class="ch.qos.logback.core.rolling.TimeBasedRollingPolicy">
			<!-- Daily rollover -->
			<fileNamePattern>${events.logger.filename}-%d{yyyy-MM-dd}.log</fileNamePattern>
			<maxHistory>90</maxHistory>
		</rollingPolicy>		
		<encoder>
			<pattern>{"@timestamp":"%d{yyyy-MM-dd'T'HH:mm:ss.SSS}", "logLevel":"%-5level", "threadID":"%t", "additionalInfo":"%msg", "corrID":"%X{X-BMO-REQUEST-ID}", "application":"Channels-api-workflows", "serviceName":"%X{serviceName}", "appcat": "15255", "workflowID": "%X{workflowID}", "networkId":"%X{networkId}"}%n</pattern>
		</encoder>
	</appender>

	<appender name="ASYNC-EVENTS-LOGGER-FILE" class="ch.qos.logback.classic.AsyncAppender">
		<queueSize>256</queueSize>
		<discardingThreshold>0</discardingThreshold>
    	<appender-ref ref="EVENTS-LOGGER-FILE" />
  	</appender>

	<appender name="CXF-LOGGER-FILE" class="ch.qos.logback.core.rolling.RollingFileAppender">
		<file>${apache.cxf.logger.filename}.log</file>
		<rollingPolicy class="ch.qos.logback.core.rolling.TimeBasedRollingPolicy">
			<!-- Daily rollover -->
			<fileNamePattern>${apache.cxf.logger.filename}-%d{yyyy-MM-dd}.log</fileNamePattern>
			<maxHistory>90</maxHistory>
		</rollingPolicy>		
		<encoder>
			<pattern>{"@timestamp":"%d{yyyy-MM-dd'T'HH:mm:ss.SSS}", "logLevel":"%-5level", "threadID":"%t", "additionalInfo":"%msg", "corrID":"%X{X-BMO-REQUEST-ID}", "application":"Channels-api-workflows", "serviceName":"%X{serviceName}", "appcat": "15255", "workflowID": "%X{workflowID}", "networkId":"%X{networkId}"}%n</pattern>
		</encoder>
	</appender>

  	<appender name="ASYNC-CXF-LOGGER-FILE" class="ch.qos.logback.classic.AsyncAppender">
		<queueSize>256</queueSize>
		<discardingThreshold>0</discardingThreshold>
    	<appender-ref ref="CXF-LOGGER-FILE" />
  	</appender>

	<appender name="STDOUT" class="ch.qos.logback.core.ConsoleAppender">
		<encoder>
			<pattern>%d{ISO8601} %-5level %X{eventId} %logger - %msg%n</pattern>
		</encoder>
	</appender>
	
	<!-- Log level precedence: TRACE, DEBUG, INFO, WARN, ERROR, ALL or OFF -->
	
	<!-- 'channel.services.logger.events' is referenced by com.bmo.service.core.event.LoggingEventManager -->
	<logger name="channel.services.logger.events" level="DEBUG" additivity="true">
		<appender-ref ref="ASYNC-EVENTS-LOGGER-FILE" />
	</logger>

	<!-- 
		Apache CXF logger (used for debugging purposes)
		Outputs 'on-the-wire' REST/SOAP Requests and Responses
		To turn off logging set the following: level="OFF" 
		To see request/responses set the following: level="INFO"
	-->
	<logger name="org.apache.cxf" level="INFO" additivity="true">
		<appender-ref ref="ASYNC-CXF-LOGGER-FILE" />
	</logger>

	<!-- For Production Environment set the log level to either WARN, ERROR, or OFF -->
	<root level="debug">
		<appender-ref ref="STDOUT" />
		<appender-ref ref="ASYNC-MESSAGES-LOGGER-FILE" />
	</root>
</configuration>