<server description="new server">

    <!-- Enable features -->
    <featureManager>
        <feature>webProfile-7.0</feature>
        <feature>localConnector-1.0</feature>
        <feature>ssl-1.0</feature>
    </featureManager>

	<!-- This template enables security. To get the full use of all the capabilities, a keystore and user registry are required. -->
	
	<!-- For the keystore, default keys are generated and stored in a keystore. To provide the keystore password, generate an 
	     encoded password using bin/securityUtility encode and add it below in the password attribute of the keyStore element. 
	     Then uncomment the keyStore element. -->
	<!--
	<keyStore password=""/> 
	-->
	
	
    
    <!-- To access this server from a remote client add a host attribute to the following element, e.g. host="*" -->
    <httpEndpoint httpPort="9080" httpsPort="9443" id="defaultHttpEndpoint"/>
                  
    <!-- Automatically expand WAR files and EAR files -->
	<applicationManager autoExpand="true"/>


    <applicationMonitor updateTrigger="mbean"/>

    <webApplication id="api-workflows" location="api-workflows.war" name="api-workflows">
    	<classloader delegation="parentLast" /> 
    </webApplication>
</server>