<?xml version="1.0" encoding="UTF-8"?>
<mappings xmlns="http://dozer.sourceforge.net" xmlns:xsi="http://www.w3.org/2001/XMLSchema-instance"
	xsi:schemaLocation="http://dozer.sourceforge.net http://dozer.sourceforge.net/schema/beanmapping.xsd">

	<mapping>
		<class-a>com.bmo.channel.pwob.model.product.Products</class-a>
		<class-b>com.bmo.channel.pwob.service.product.rsclient.AccountList</class-b>				
		<field>
			<a>productEligibilities</a>
			<b>accountType</b>			
			<a-hint>com.bmo.channel.pwob.model.product.ProductEligibility</a-hint>
			<b-hint>com.bmo.channel.pwob.service.product.rsclient.AccountType</b-hint>
		</field>
		<field>
			<a>applicationEligibility</a>
			<b>ageRejection</b>			
		</field>
	</mapping>
	<mapping>
		<class-a>com.bmo.channel.pwob.model.product.ProductEligibility</class-a>
		<class-b>com.bmo.channel.pwob.service.product.rsclient.AccountType</class-b>
		<field>
			<a>type</a>
			<b>code</b>
		</field>				
		<field>
			<a>productNameEN</a>
			<b>nameEN</b>			
		</field>
		<field>
			<a>productNameFR</a>
			<b>nameFR</b>			
		</field>
		<field>
			<a>eligible</a>
			<b>eligibility</b>			
		</field>
		<field>
			<a>features</a>
			<b>featureList</b>
			<a-hint>com.bmo.channel.pwob.model.product.Feature</a-hint>
			<b-hint>com.bmo.channel.pwob.service.product.rsclient.Feature</b-hint>
		</field>
		<field>
			<a>outboundEftFrequencies</a>
			<b>outboundEftFrequencies.frequency</b>
		</field>
	  </mapping>
	  <mapping>
		<class-a>com.bmo.channel.pwob.model.product.Feature</class-a>
		<class-b>com.bmo.channel.pwob.service.product.rsclient.Feature</class-b>
		<field>
			<a>code</a>
			<b>code</b>
		</field>				
		<field>
			<a>featureNameEN</a>
			<b>nameEN</b>			
		</field>
		<field>
			<a>featureNameFR</a>
			<b>nameFR</b>			
		</field>
		<field>
			<a>eligible</a>
			<b>eligibility</b>			
		</field>
	  </mapping>
</mappings>