<?xml version="1.0" encoding="UTF-8"?>
<mappings xmlns="http://dozer.sourceforge.net" xmlns:xsi="http://www.w3.org/2001/XMLSchema-instance"
	xsi:schemaLocation="http://dozer.sourceforge.net http://dozer.sourceforge.net/schema/beanmapping.xsd">
	<!-- onboard application to clientData and clientData to onbaord application -->

	<configuration>
		<custom-converters>
			<converter type="com.bmo.channel.pwob.convert.PhoneNumberCustomConverter">
				<class-a>com.bmo.channel.pwob.model.onboarding.Phone</class-a>
				<class-b>net.bmogc.xmlns.hub.cg.pwob.pwobservice.types.v1.PhoneNumber</class-b>
			</converter>
		</custom-converters>
	</configuration>

	<mapping>
		<class-a>com.bmo.channel.pwob.model.onboarding.Application</class-a>
		<class-b>net.bmogc.xmlns.hub.cg.pwob.pwobservice.types.v1.ApplicationData</class-b>
		<field>
			<a>applicationLob</a>
			<b>lob</b>
		</field>
		<field>
			<a>guarantors</a>
			<b>guarantors</b>
			<a-hint>com.bmo.channel.pwob.model.onboarding.Guarantor</a-hint>
			<b-hint>net.bmogc.xmlns.hub.cg.pwob.pwobservice.types.v1.Guarantor</b-hint>
		</field>
		<field>
			<a>multiApplicantsInvestmentExperiences</a>
			<b>multiApplicantsInvestmentExperiences</b>
			<a-hint>com.bmo.channel.pwob.model.onboarding.MultiApplicantsInvestmentExperience</a-hint>
			<b-hint>net.bmogc.xmlns.hub.cg.pwob.pwobservice.types.v1.MultiApplicantsInvestmentExperience</b-hint>
		</field>		
		<field>
			<a>guarantees</a>
			<b>guarantees</b>
			<a-hint>com.bmo.channel.pwob.model.onboarding.Guarantee</a-hint>
			<b-hint>net.bmogc.xmlns.hub.cg.pwob.pwobservice.types.v1.Guarantee</b-hint>
		</field>
		<field>
			<a>beneficiaries</a>
			<b>beneficiaries</b>
			<a-hint>com.bmo.channel.pwob.model.onboarding.Beneficiary</a-hint>
			<b-hint>net.bmogc.xmlns.hub.cg.pwob.pwobservice.types.v1.Beneficiary</b-hint>
		</field>
		<field>
			<a>parties</a>
			<b>parties</b>
			<a-hint>com.bmo.channel.pwob.model.onboarding.Party</a-hint>
			<b-hint>net.bmogc.xmlns.hub.cg.pwob.pwobservice.types.v1.Party</b-hint>
		</field>
		<field>
			<a>accounts</a>
			<b>accounts</b>
			<a-hint>com.bmo.channel.pwob.model.onboarding.Account</a-hint>
			<b-hint>net.bmogc.xmlns.hub.cg.pwob.pwobservice.types.v1.AccountInformation</b-hint>
		</field>
		<field>
			<a>clientAccessId</a>
			<b>clientAccessId</b>
			<a-hint>com.bmo.channel.pwob.model.onboarding.ClientAccessId</a-hint>
			<b-hint>net.bmogc.xmlns.hub.cg.pwob.pwobservice.types.v1.ClientAccessId</b-hint>
		</field>
		<field>
			<a>featureFlags</a>
			<b>featureFlags</b>
			<a-hint>com.bmo.channel.pwob.model.onboarding.FeatureFlag</a-hint>
			<b-hint>net.bmogc.xmlns.hub.cg.pwob.pwobservice.types.v1.FeatureFlag</b-hint>
		</field>
	</mapping>
	
	<mapping>
		<class-a>com.bmo.channel.pwob.model.onboarding.MultiApplicantsInvestmentExperience</class-a>
		<class-b>net.bmogc.xmlns.hub.cg.pwob.pwobservice.types.v1.MultiApplicantsInvestmentExperience</class-b>

		<field>
			<a>partyRefIds</a>
			<b is-accessible="true">partyRefIds</b>
		</field>
		
		<field custom-converter="com.bmo.channel.pwob.convert.PwobInvestmentExperienceCustomConverter">
			<a>multiApplicantInvestmentExperience</a>
			<b>multiApplicantInvestmentExperience</b>
		</field>
		<field>
			<a>multiApplicantInvestmentExperience.investmentKnowledge</a>
			<b>investmentKnowledge</b>
		</field>		
	</mapping>
	

	<mapping map-empty-string="false" map-null="false">
		<class-a>com.bmo.channel.pwob.model.onboarding.Party</class-a>
		<class-b>net.bmogc.xmlns.hub.cg.pwob.pwobservice.types.v1.Party</class-b>
		<field>
			<a>roles</a>
			<b is-accessible="true">roles</b>
		</field>
		<field>
			<a>password</a>
			<b>password</b>
		</field>
		<field>
			<a>personal.identity</a>
			<b>personalInformation</b>
			<a-hint>com.bmo.channel.pwob.model.onboarding.Identity</a-hint>
			<b-hint>net.bmogc.xmlns.hub.cg.pwob.pwobservice.types.v1.PersonalInformation</b-hint>
		</field>
		<field>
			<a>personal.identity</a>
			<b>contactInformation</b>
			<a-hint>com.bmo.channel.pwob.model.onboarding.Identity</a-hint>
 			<b-hint>net.bmogc.xmlns.hub.cg.pwob.pwobservice.types.v1.ContactInformation</b-hint>
		</field>		
		<field>
			<a>bmoRelationship</a>
			<b>bmoRelationship</b>
			<a-hint>com.bmo.channel.pwob.model.onboarding.BmoRelationship</a-hint>
 			<b-hint>net.bmogc.xmlns.hub.cg.pwob.pwobservice.types.v1.BmoRelationship</b-hint>
		</field>
		
		<field>
			<a>personal.employment</a>
			<b>employmentInformation</b>
		</field>
		<field>
			<a>personal.employment</a>
			<b>employmentInformation.currentEmployment</b>
		</field>
		<field>
			<a>personal.employment</a>
			<b>personalInformation</b>
		</field>
		<field>
			<a>personal.residence.primaryAddress</a>
			<b>contactInformation.primaryAddress</b>
		</field>
		<field>
			<a>tradingAuthority.isSpouseLiveInSameAddress</a>
			<b get-method="isIsSpouseLiveInSameAddress">isSpouseLiveInSameAddress</b>
		</field>
		<field>
			<a>isPrimaryApplicantSpouse</a>
			<b get-method="isIsPrimaryApplicantSpouse">isPrimaryApplicantSpouse</b>
		</field>
		<field>
			<a>personal.hasTaxResidency</a>
			<b is-accessible="true">personalInformation.hasTaxResidency</b>
		</field>		

		<field>
			<a>financial</a>
			<b>personalFinancialInformation</b>
		</field>
		<field>
			<a>investmentObjectives</a>
			<b>personalFinancialInformation.investmentObjectives</b>
		</field>
		<field>
			<a>preferences</a>
			<b>personalInformation.preferences</b>
		</field>
		<field>
			<a>applyInvestmentObjectivesToAccounts</a>
			<b is-accessible="true">personalInformation.applyInvestmentObjectivesToAccounts</b>
		</field>
		<field>
			<a>creditBureauConsent</a>
			<b is-accessible="true">personalInformation.creditBureauConsent</b>
		</field>
		<field>
			<a>personal.identity.maritalStatus</a>
			<b>personalInformation.maritalStatus</b>
		</field>
		<field>
			<a>personal.residence</a>
			<b>contactInformation</b>
		</field>
		<field>
			<a>personal.residence</a>
			<b>personalInformation.residency</b>
			<a-hint>com.bmo.channel.pwob.model.onboarding.Residence</a-hint>
			<b-hint>net.bmogc.xmlns.hub.cg.pwob.pwobservice.types.v1.Residency</b-hint>
		</field>
		<field>
			<a>personal.residencyForTax</a>
			<b is-accessible="true">personalInformation.taxResidency</b>
		</field>
		<field>
			<a>personal.identity.preferredName.firstName</a>
			<b>personalInformation.preferredFirstName</b>
		</field>
		<field>
			<a>personal.identity.preferredName.middleName</a>
			<b>personalInformation.preferredMiddleName</b>
		</field>
		<field>
			<a>personal.identity.preferredName.LastName</a>
			<b>personalInformation.preferredLastName</b>
		</field>
		<field>
			<a>personal.identity.hasPreferredName</a>
			<b is-accessible="true">personalInformation.hasPreferredName</b>
		</field>
		<field>
			<a>personal.identity.preferredLanguage</a>
			<b>personalInformation.preferredLanguage</b>
		</field>
		<field>
			<a>personal.identity.citizenships</a>
			<b is-accessible="true">personalInformation.citizenship</b>
		</field>
		<field>
			<a>personal.identity.hasDependents</a>
			<b is-accessible="true">personalInformation.haveAnyDependent</b>
		</field>
		<field>
			<a>personal.identity.numOfDependents</a>
			<b>personalInformation.numberOfDependents</b>
		</field>
		<field>
			<a>personal.identity.areDependentsSameAsSpouse</a>
			<b is-accessible="true">personalInformation.areDependentsSameAsSpouse</b>
		</field>
		<field>
			<a>taxation</a>
			<b>taxation</b>
		</field>
	</mapping>
	<!-- Form identity to Hub personal info -->
	<mapping map-empty-string="false" map-null="false">
		<class-a>com.bmo.channel.pwob.model.onboarding.Identity</class-a>
		<class-b>net.bmogc.xmlns.hub.cg.pwob.pwobservice.types.v1.PersonalInformation</class-b>
		<!-- identity -->
		<field>
			<a>legalName.title</a>
			<b>title</b>
		</field>
		<field>
			<a>legalName.firstName</a>
			<b>legalFirstName</b>
		</field>
		<field>
			<a>legalName.middleName</a>
			<b>legalMiddleName</b>
		</field>
		<field>
			<a>legalName.lastName</a>
			<b>legalLastName</b>
		</field>
		
		<field>
			<a>legalName.risPrefilled</a>
			<b get-method="isIsLegalNameRisPrefilled">isLegalNameRisPrefilled</b>
		</field>
		
		<field>
			<a>preferredName.risPrefilled</a>
			<b get-method="isIsPreferredNameRisPrefilled">isPreferredNameRisPrefilled</b>
		</field> 

		<field custom-converter="com.bmo.channel.pwob.convert.GregorianConvertor">
			<a>dateOfBirth</a>
			<b>dateOfBirth</b>
		</field>
 	</mapping>
 	
 	<mapping map-empty-string="false" map-null="false">
		<class-a>com.bmo.channel.pwob.model.onboarding.ClientAccessId</class-a>
		<class-b>net.bmogc.xmlns.hub.cg.pwob.pwobservice.types.v1.ClientAccessId</class-b>
		<field>
			<a>hasDeclinedOnlineAccess</a>
			<b get-method="isHasDeclinedOnlineAccess">hasDeclinedOnlineAccess</b>
		</field>
	</mapping>

 	<mapping map-empty-string="false" map-null="false">
 		<class-a>com.bmo.channel.pwob.model.onboarding.Identity</class-a>
 		<class-b>net.bmogc.xmlns.hub.cg.pwob.pwobservice.types.v1.ContactInformation</class-b>
 		<field>
			<a>primaryEmailAddress</a>
			<b>emailAddress</b>
		</field>
 	</mapping> 	
 	
 	<mapping map-empty-string="false" map-null="false">
 		<class-a>com.bmo.channel.pwob.model.onboarding.BmoRelationship</class-a>
 		<class-b>net.bmogc.xmlns.hub.cg.pwob.pwobservice.types.v1.BmoRelationship</class-b>
 		<field>
			<a>isApplicantExistingClient</a>
			<b get-method="isIsApplicantExistingClient">isApplicantExistingClient</b>
		</field> 
 	</mapping>	
 

	<mapping map-empty-string="false" map-null="false">
		<class-a>com.bmo.channel.pwob.model.onboarding.Residence</class-a>
		<class-b>net.bmogc.xmlns.hub.cg.pwob.pwobservice.types.v1.Residency</class-b>
		<field>
			<a>hasAlternateAddress</a>
			<b get-method="isIsAlternateAddress">isAlternateAddress</b>
		</field>
	</mapping>

 	<mapping map-empty-string="false" map-null="false">
		<class-a>com.bmo.channel.pwob.model.onboarding.TaxResidency</class-a>
		<class-b is-accessible="true">net.bmogc.xmlns.hub.cg.pwob.pwobservice.types.v1.TaxResidency</class-b>
		<field>
			<a>haveNoTaxIdentificationNumber</a>
			<b get-method="ishaveNoTaxIdentificationNumber">haveNoTaxIdentificationNumber</b>
		</field>		
	</mapping>

 	<!-- Form personal info to hub contact info -->
 	<!--
 	Hub:
    "mailingAddress",
    "duplicateMailingAddress"
	Form: "livedInLessThanTwoYears": true
    RC Question - primaryEmailAddress to residence....
 	-->
 	<mapping map-empty-string="false" map-null="false">
 		<class-a>com.bmo.channel.pwob.model.onboarding.Residence</class-a>
 		<class-b>net.bmogc.xmlns.hub.cg.pwob.pwobservice.types.v1.ContactInformation</class-b>
		<field>
			<a>primaryPhone.mobile</a>
			<b get-method="isIsPrimaryMobile">isPrimaryMobile</b>
		</field>
		<field>
			<a>secondaryPhone.mobile</a>
			<b get-method="isIsSecondaryMobile">isSecondaryMobile</b>
		</field>		
 	</mapping>

	<mapping>
		<class-a>com.bmo.channel.pwob.model.onboarding.Address</class-a>
		<class-b>net.bmogc.xmlns.hub.cg.pwob.pwobservice.types.v1.Address</class-b>
	</mapping>

	<mapping>
		<class-a>com.bmo.channel.pwob.model.onboarding.Phone</class-a>
		<class-b>net.bmogc.xmlns.hub.cg.pwob.pwobservice.types.v1.PhoneNumber</class-b>
		<field>
			<a>phoneNumber</a>
			<b>phoneNumber</b>
		</field>
		<field>
			<a>phoneExtension</a>
			<b>extension</b>
		</field>
	</mapping>


	<!-- From employment to employment -->
	<!-- missing: isIsBMOEmployee -->
 	<mapping map-empty-string="false" map-null="false">
 		<class-a>com.bmo.channel.pwob.model.onboarding.Employment</class-a>
 		<class-b>net.bmogc.xmlns.hub.cg.pwob.pwobservice.types.v1.EmploymentInformation</class-b>
 		<field>
 			<a>isBmoEmployee</a>
 			<b get-method="isIsBmoEmployee">isBmoEmployee</b>
 		</field>
 		<field>
			<a>retiredBmoEmployee</a>
			<b get-method="isRetiredBMO">retiredBMO</b>
		</field>		
		<field>
			<a>retiredBmoGroup</a>
			<b>retiredBMOGroup</b>
		</field>
 	</mapping>

	<mapping map-empty-string="false" map-null="false">
		<class-a>com.bmo.channel.pwob.model.onboarding.Employment</class-a>
		<class-b>net.bmogc.xmlns.hub.cg.pwob.pwobservice.types.v1.PersonalInformation</class-b>
	</mapping>


	<mapping>
		<class-a>com.bmo.channel.pwob.model.onboarding.FinancialInformation</class-a>
		<class-b>net.bmogc.xmlns.hub.cg.pwob.pwobservice.types.v1.PersonalFinancialInformation</class-b>

		<field>
			<a>status.income.annualEmploymentIncome</a>
			<b>employmentIncome</b>
		</field>

		<field>
			<a>status.income.annualInvestmentIncome</a>
			<b>investmentIncome</b>
		</field>

		<field>
			<a>status.income.annualOtherIncome</a>
			<b>otherIncome</b>
		</field>

		<field>
			<a>status.income.otherIncomeSource</a>
			<b>otherIncomeSource</b>
		</field>

		<field>
			<a>status.income.otherIncomeSourceDescription</a>
			<b>otherIncomeDescription</b>
		</field>

		<field>
			<a>status.netWorth.fixedAssets</a>
			<b>estimatedNetFixedAssets</b>
		</field>

		<field>
			<a>status.netWorth.liquidAssets</a>
			<b>estimatedNetLiquidAssets</b>
		</field>

		<field>
			<a>other.sourcesOfWealth</a>
			<b is-accessible="true">sourcesOfWealth</b>
		</field>

		<field>
			<a>other.otherSourceOfWealth</a>
			<b>otherSourceOfWealth</b>
		</field>

		<field>
			<a>other.hasOtherInvestmentAccounts</a>
			<b get-method="isHasOtherInvestmentAccounts">hasOtherInvestmentAccounts</b>
		</field>

		<field>
			<a>other.otherInvestmentInstitution</a>
			<b>otherInvestmentInstitution</b>
		</field>

		<field>
			<a>other.isBorrowingToInvest</a>
			<b get-method="isIsBorrowingToInvest">isBorrowingToInvest</b>
		</field>

		<field custom-converter="com.bmo.channel.pwob.convert.PwobInvestmentExperienceCustomConverter">
			<a>investment</a>
			<b>investmentExperience</b>
		</field>

		<field>
			<a>investment.investmentKnowledge</a>
			<b>investmentKnowledge</b>
		</field>

	</mapping>

	<mapping>
		<class-a>com.bmo.channel.pwob.model.onboarding.InvestmentObjectives</class-a>
		<class-b>net.bmogc.xmlns.hub.cg.pwob.pwobservice.types.v1.InvestmentObjectives</class-b>
		<field>
			<a>riskTolerance</a>
			<b>riskTolerances</b>
		</field>
		<field>
			<a>targetAllocation</a>
			<b>targetAssetAllocation</b>
		</field>
	</mapping>
	<mapping>
		<class-a>com.bmo.channel.pwob.model.onboarding.RiskTolerance</class-a>
		<class-b>net.bmogc.xmlns.hub.cg.pwob.pwobservice.types.v1.RiskTolerances</class-b>
	</mapping>

	<mapping>
		<class-a>com.bmo.channel.pwob.model.onboarding.TargetAllocation</class-a>
		<class-b>net.bmogc.xmlns.hub.cg.pwob.pwobservice.types.v1.TargetAssetAllocation</class-b>
	</mapping>

	<mapping>
		<class-a>com.bmo.channel.pwob.model.onboarding.Preferences</class-a>
		<class-b>net.bmogc.xmlns.hub.cg.pwob.pwobservice.types.v1.Preferences</class-b>

		<field>
			<a>sharePersonalInfo</a>
			<b get-method="isSharePersonalInfo">sharePersonalInfo</b>
		</field>

		<field>
			<a>receiveDirectMarketingMaterials</a>
			<b get-method="isReceiveDirectMarketingMaterials">receiveDirectMarketingMaterials</b>
		</field>
		<field>
			<a>receiveElectronicDelivery</a>
			<b get-method="isReceiveElectronicDelivery">receiveElectronicDelivery</b>
		</field>

		<field>
			<a>discloseBeneficialOwner</a>
			<b get-method="isDiscloseBeneficialOwner">discloseBeneficialOwner</b>
		</field>
		<field>
			<a>isReceiveStatementByMail</a>
			<b get-method="isIsReceiveStatementByMail">isReceiveStatementByMail</b>
		</field>
		<field>
			<a>isSetupAlternateMailings</a>
			<b get-method="isIsSetupAlternateMailings">isSetupAlternateMailings</b>
		</field>
		<field>
			<a>isAccountStatements</a>
			<b get-method="isIsAccountStatements">isAccountStatements</b>
		</field>
		<field>
			<a>isTradeConfirmations</a>
			<b get-method="isIsTradeConfirmations">isTradeConfirmations</b>
		</field>
		<field>
			<a>alternateMailingAddresses</a>
			<b is-accessible="true">alternateMailingAddresses</b>
		</field>
	</mapping>

	<mapping>
		<class-a>com.bmo.channel.pwob.model.onboarding.AlternateAddress</class-a>
		<class-b>net.bmogc.xmlns.hub.cg.pwob.pwobservice.types.v1.AlternateAddress</class-b>
		
		<field>
			<a>isAccountStatements</a>
			<b get-method="isIsAccountStatements">isAccountStatements</b>
		</field>
		<field>
			<a>isTradeConfirmations</a>
			<b get-method="isIsTradeConfirmations">isTradeConfirmations</b>
		</field>		
	</mapping>

	<mapping map-empty-string="false" map-null="false">
		<class-a>com.bmo.channel.pwob.model.onboarding.RegulatoryDisclosures</class-a>
		<class-b>net.bmogc.xmlns.hub.cg.pwob.pwobservice.types.v1.RegulatoryDisclosures</class-b>
		<field>
			<a>iirocMember</a>
			<b get-method="isIirocMember">iirocMember</b>
		</field>
		<field>
			<a>haveInsiderRelationship</a>
			<b get-method="isHaveInsiderRelationship">haveInsiderRelationship</b>
		</field>
		<field>
			<a>isReportingInsider</a>
			<b get-method="isIsReportingInsider">isReportingInsider</b>
		</field>
		<field>
			<a>significantShareholder</a>
			<b get-method="isSignificantShareholder">significantShareholder</b>
		</field>
		<field>
			<a>controlRelationship</a>
			<b get-method="isControlRelationship">controlRelationship</b>
		</field>
		<field>
			<a>controlRelationships</a>
			<b is-accessible="true">controlRelationships</b>
			<a-hint>com.bmo.channel.pwob.model.onboarding.Relationship</a-hint>
			<b-hint>net.bmogc.xmlns.hub.cg.pwob.pwobservice.types.v1.Company</b-hint>
		</field>
		<field>
			<a>reportingInsiderRelationships</a>
			<b is-accessible="true">reportingInsiderRelationships</b>
			<a-hint>com.bmo.channel.pwob.model.onboarding.Relationship</a-hint>
			<b-hint>net.bmogc.xmlns.hub.cg.pwob.pwobservice.types.v1.Company</b-hint>
		</field>
		<field>
			<a>significantShareholdings</a>
			<b is-accessible="true">significantShareholdings</b>
			<a-hint>com.bmo.channel.pwob.model.onboarding.Relationship</a-hint>
			<b-hint>net.bmogc.xmlns.hub.cg.pwob.pwobservice.types.v1.Company</b-hint>
		</field>
		<field>
			<a>insiderRelationships</a>
			<b is-accessible="true">insiderRelationships</b>
			<a-hint>com.bmo.channel.pwob.model.onboarding.Relationship</a-hint>
			<b-hint>net.bmogc.xmlns.hub.cg.pwob.pwobservice.types.v1.Company</b-hint>
		</field>
		<field>
			<a>isPoliticallyExposedPerson</a>
			<b get-method="isIsPoliticallyExposedPerson">isPoliticallyExposedPerson</b>
		</field>
	</mapping>


	<mapping>
		<class-a>com.bmo.channel.pwob.model.onboarding.Relationship</class-a>
		<class-b>net.bmogc.xmlns.hub.cg.pwob.pwobservice.types.v1.Company</class-b>
	</mapping>

	<mapping>
		<class-a>com.bmo.channel.pwob.model.onboarding.Verification</class-a>
		<class-b>net.bmogc.xmlns.hub.cg.pwob.pwobservice.types.v1.Verification</class-b>
		<field custom-converter="com.bmo.channel.pwob.convert.GregorianConvertor">
			<a>expiryDate</a>
			<b>expiryDate</b>
		</field>
		<field>
			<a>idProvidedMatchApplicantInformation</a>
			<b get-method="isIdProvidedMatchApplicantInformation">idProvidedMatchApplicantInformation</b>
		</field>
		<field>
			<a>isPlaceOfBirthUS</a>
			<b get-method="isIsPlaceOfBirthUS">isPlaceOfBirthUS</b>
		</field>
		<field custom-converter="com.bmo.channel.pwob.convert.GregorianConvertor">
			<a>clientIdCaptureTime</a>
			<b>clientIdCaptureTime</b>
		</field>
	</mapping>

	<mapping map-empty-string="false" map-null="false">
		<class-a>com.bmo.channel.pwob.model.onboarding.Employment</class-a>
		<class-b>net.bmogc.xmlns.hub.cg.pwob.pwobservice.types.v1.Employer</class-b>
	</mapping>

	<mapping>
		<class-a>com.bmo.channel.pwob.model.onboarding.Account</class-a>
		<class-b>net.bmogc.xmlns.hub.cg.pwob.pwobservice.types.v1.AccountInformation</class-b>
		<field>
			<a>type</a>
			<b>accountType</b>
		</field>
		<field>
			<a>refId</a>
			<b>accountRefId</b>
		</field>
		<field>
			<a>linkDebitCard</a>
			<b get-method="isLinkDebitCard">linkDebitCard</b>
		</field>
		<field>
			<a>bankUsFunds</a>
			<b get-method="isBankUsFunds">bankUsFunds</b>
		</field>
		<field>
			<a>hasOptionsTrading</a>
			<b get-method="isHasOptionsTrading">hasOptionsTrading</b>
		</field>		
		<field>
			<a>hasBeneficiaries</a>
			<b get-method="isHasBeneficiaries">hasBeneficiaries</b>
		</field>
		
		<field>
			<a>isSpousal</a>
			<b get-method="isHasContributer">hasContributer</b>
		</field>
		
		<field>
			<a>isSpousal</a>
			<b get-method="isIsSpousal">isSpousal</b>
		</field>
		
		<field>
			<a>beneficiaries</a>
			<b is-accessible="true">beneficiaries</b>
			<a-hint>com.bmo.channel.pwob.model.onboarding.AccountBeneficiary</a-hint>
			<b-hint>net.bmogc.xmlns.hub.cg.pwob.pwobservice.types.v1.Beneficiaries</b-hint>
		</field>
		<field>
			<a>subTypes</a>
			<b is-accessible="true">subTypes</b>
		</field>
		<field>
			<a>currencies</a>
			<b is-accessible="true">currencies</b>
		</field>
		<field>
			<a>areOtherPartiesSpecified</a>
			<b get-method="isAreOtherPartiesSpecified">areOtherPartiesSpecified</b>
		</field>
		<field>
			<a>tradingAuthorityPartyRefIds</a>
			<b is-accessible="true">tradingAuthorityPartyRefIds</b>
		</field>
		<field>
			<a>guarantorRefIds</a>
			<b is-accessible="true">guarantorRefIds</b>
		</field>
		<field>
			<a>guaranteeRefIds</a>
			<b is-accessible="true">guaranteeRefIds</b>
		</field>
		<field>
			<a>jointApplicantPartyRefIds</a>
			<b is-accessible="true">jointApplicantPartyRefIds</b>
		</field>
		<field>
			<a>hasSuccessorAnnuitant</a>
			<b get-method="isHasSuccessorAnnuitant">hasSuccessorAnnuitant</b>
		</field>
		<field>
			<a>hasThirdPartyInterest</a>
			<b get-method="isHasThirdPartyInterest">hasThirdPartyInterest</b>
		</field>
		<field>
			<a>contributor</a>
			<b>contributor</b>
			<a-hint>com.bmo.channel.pwob.model.onboarding.Contributor</a-hint>
			<b-hint>net.bmogc.xmlns.hub.cg.pwob.pwobservice.types.v1.Contributor</b-hint>
		</field>		
		<field>
			<a>isProAccount</a>
			<b get-method="isIsProAccount">isProAccount</b>
		</field>
		
	</mapping>
	
	<mapping>
		<class-a>com.bmo.channel.pwob.model.onboarding.JointAccountDetails</class-a>
		<class-b>net.bmogc.xmlns.hub.cg.pwob.pwobservice.types.v1.JointAccountDetails</class-b>

		<field>
			<a>accountNameOrder</a>
			<b is-accessible="true">accountNameOrder</b>
		</field>
		
		<field>
			<a>hasNoRightsOfSurvivorship</a>
			<b get-method="isHasNoRightsOfSurvivorship">hasNoRightsOfSurvivorship</b>
		</field>
	</mapping>
	
	<mapping>
		<class-a>com.bmo.channel.pwob.model.onboarding.LiraAccountDetails</class-a>
		<class-b>net.bmogc.xmlns.hub.cg.pwob.pwobservice.types.v1.LiraAccountDetails</class-b>

		<field>
			<a>pensionVariedoOnBasisOfGender</a>
			<b get-method="isPensionVariedoOnBasisOfGender">pensionVariedoOnBasisOfGender</b>
		</field>
		
		<field>
			<a>pensionAccumulatedBefore1993</a>
			<b get-method="isPensionAccumulatedBefore1993">pensionAccumulatedBefore1993</b>
		</field>
	
		<field>
			<a>sourcesOfAssets</a>
			<b is-accessible="true">sourcesOfAssets</b>
		</field>						
	</mapping>
	
	<mapping>
		<class-a>com.bmo.channel.pwob.model.onboarding.Contributor</class-a>
		<class-b>net.bmogc.xmlns.hub.cg.pwob.pwobservice.types.v1.Contributor</class-b>
		<field>
			<a>name.firstName</a>
			<b>firstName</b>
		</field>
		<field>
			<a>name.middleName</a>
			<b>middleName</b>
		</field>
		<field>
			<a>name.lastName</a>
			<b>lastName</b>
		</field>
		<field custom-converter="com.bmo.channel.pwob.convert.GregorianConvertor">
			<a>dateOfBirth</a>
			<b>dateOfBirth</b>
		</field>
	</mapping>
	<mapping>
		<class-a>com.bmo.channel.pwob.model.onboarding.OptionsTrading</class-a>
		<class-b>net.bmogc.xmlns.hub.cg.pwob.pwobservice.types.v1.OptionsTrading</class-b>
		<field>
			<a>optionTypes</a>
			<b is-accessible="true">optionTypes</b>
		</field>
		<field>
			<a>optionTypeExperiences</a>
			<b is-accessible="true">optionTypeExperiences</b>
		</field>
	</mapping>

	<mapping>
		<class-a>com.bmo.channel.pwob.model.onboarding.Beneficiary</class-a>
		<class-b>net.bmogc.xmlns.hub.cg.pwob.pwobservice.types.v1.Beneficiary</class-b>
		<field>
			<a>name.firstName</a>
			<b>firstName</b>
		</field>
		<field>
			<a>name.middleName</a>
			<b>middleName</b>
		</field>
		<field>
			<a>name.lastName</a>
			<b>lastName</b>
		</field>
		<field>
			<a>hasPrimaryApplicantSpouse</a>
			<b get-method="isIsPrimaryApplicantSpouse">isPrimaryApplicantSpouse</b>
		</field>
	</mapping>

	<mapping>
 		<class-a>com.bmo.channel.pwob.model.onboarding.AccountBeneficiary</class-a>
 		<class-b>net.bmogc.xmlns.hub.cg.pwob.pwobservice.types.v1.Beneficiaries</class-b>
		<field>
 			<a>contingentBeneficiaryRefIds</a>
 			<b is-accessible="true">contingentBeneficiaryRefIds</b>
		</field>
	</mapping>

	<mapping map-empty-string="false" map-null="false">
		<class-a>com.bmo.channel.pwob.model.onboarding.Taxation</class-a>
		<class-b>net.bmogc.xmlns.hub.cg.pwob.pwobservice.types.v1.Taxation</class-b>
		<field>
			<a>isIrsW8FormProvided</a>
			<b  get-method="isIsIrsW8FormProvided">isIrsW8FormProvided</b>
		</field>
		<!-- <field>
			<a>beneficialOwnerCountry</a>
			<b>beneficialOwnerCountry</b>
		</field>-->
		<field>
			<a>isIrsW9FormProvided</a>
			<b get-method="isIsIrsW9FormProvided">isIrsW9FormProvided</b>
		</field>
		<!-- <field>
			<a>taxIdentificationNumber</a>
			<b>taxIdentificationNumber</b>
		</field>-->
	</mapping>
	<mapping>
		<class-a>com.bmo.channel.pwob.model.onboarding.InterestedPartyIdentity</class-a>
		<class-b>net.bmogc.xmlns.hub.cg.pwob.pwobservice.types.v1.IntPartyIdentity</class-b>
		<field>
			<a>legalName.title</a>
			<b>title</b>
		</field>
		<field>
			<a>legalName.firstName</a>
			<b>legalFirstName</b>
		</field>
		<field>
			<a>legalName.middleName</a>
			<b>legalMiddleName</b>
		</field>
		<field>
			<a>legalName.lastName</a>
			<b>legalLastName</b>
		</field>
		<field custom-converter="com.bmo.channel.pwob.convert.GregorianConvertor">
			<a>dateOfBirth</a>
			<b>dateOfBirth</b>
		</field>
	</mapping>
	<mapping>
		<class-a>com.bmo.channel.pwob.model.onboarding.InterestedPartyPersonalInfo</class-a>
		<class-b>net.bmogc.xmlns.hub.cg.pwob.pwobservice.types.v1.IntPartyPersonalInfo</class-b>
	</mapping>
	<mapping>
		<class-a>com.bmo.channel.pwob.model.onboarding.InterestedPartyResidence</class-a>
		<class-b>net.bmogc.xmlns.hub.cg.pwob.pwobservice.types.v1.IntPartyResidence</class-b>
	</mapping>
	<mapping>
		<class-a>com.bmo.channel.pwob.model.onboarding.Guarantee</class-a>
		<class-b is-accessible="true">net.bmogc.xmlns.hub.cg.pwob.pwobservice.types.v1.Guarantee</class-b>
	</mapping>
	<mapping>
		<class-a>com.bmo.channel.pwob.model.onboarding.Guarantor</class-a>
		<class-b is-accessible="true">net.bmogc.xmlns.hub.cg.pwob.pwobservice.types.v1.Guarantor</class-b>
		<field>
			<a>isSpouseLiveInSameAddress</a>
			<b get-method="isIsSpouseLiveInSameAddress">isSpouseLiveInSameAddress</b>
		</field>
		<field>
			<a>isClientSpouseGuarantor</a>
			<b get-method="isIsClientSpouseGuarantor">isClientSpouseGuarantor</b>
		</field>
	</mapping>

	<mapping>
		<class-a>com.bmo.channel.pwob.model.ia.RelationshipSummary</class-a>
		<class-b>net.bmogc.xmlns.hub.cg.pwob.pwobservice.types.v1.RelationshipSummary</class-b>
		<field>
			<a>parties</a>
			<b is-accessible="true">parties</b>
			<a-hint>com.bmo.channel.pwob.model.onboarding.Party</a-hint>
			<b-hint>net.bmogc.xmlns.hub.cg.pwob.pwobservice.types.v1.Party</b-hint>
		</field>
		<field>
			<a>accounts</a>
			<b is-accessible="true">accountApprovalInfo</b>
			<a-hint>com.bmo.channel.pwob.model.ia.IaAccount</a-hint>
			<b-hint>net.bmogc.xmlns.hub.cg.pwob.pwobservice.types.v1.AccountApprovalInfo</b-hint>
		</field>
		<field>
			<a>comments</a>
			<b>comments.comments</b>
		</field>
	</mapping>
	<mapping>
		<class-a>com.bmo.channel.pwob.model.ia.IaAccount</class-a>
		<class-b>net.bmogc.xmlns.hub.cg.pwob.pwobservice.types.v1.AccountApprovalInfo</class-b>
	</mapping>

	<mapping>
		<class-a>com.bmo.channel.pwob.model.ia.Client</class-a>
		<class-b>net.bmogc.xmlns.hub.cg.pwob.pwobservice.types.v1.ClientRelationship</class-b>
		<field>
			<a>householdSize</a>
			<b>houseHoldSize</b>
		</field>
		<field>
			<a>registeredInResidenceProvince</a>
			<b get-method="isRegisteredInResidenceProvince">registeredInResidenceProvince</b>
		</field>		
	</mapping>

	<mapping>
		<class-a>com.bmo.channel.pwob.model.ia.ClientRelationship</class-a>
		<class-b>net.bmogc.xmlns.hub.cg.pwob.pwobservice.types.v1.ClientRelationshipDetails</class-b>
	</mapping>

	<mapping>
		<class-a>com.bmo.channel.pwob.model.onboarding.EftDetails</class-a>
		<class-b>net.bmogc.xmlns.hub.cg.pwob.pwobservice.types.v1.EftDetails</class-b>

		<field custom-converter="com.bmo.channel.pwob.convert.GregorianConvertor">
			<a>startDate</a>
			<b>startDate</b>
		</field>
		<field>
			<a get-method="isOwnershipOfBankAccountVerified">ownershipOfBankAccountVerified</a>
			<!-- <b>ownershipOfBankAccountVerified</b> -->
			<b get-method="isOwnershipOfBankAccountVerified">ownershipOfBankAccountVerified</b>
		</field>				
	</mapping>

	<mapping>
		<class-a>com.bmo.channel.pwob.model.onboarding.RifPaymentDetails</class-a>
		<class-b>net.bmogc.xmlns.hub.cg.pwob.pwobservice.types.v1.RifPaymentDetails</class-b>

		<field>
			<a>hasIncreasedWitholdingTax</a>
			<b get-method="isHasIncreasedWithHoldingTax">hasIncreasedWithHoldingTax</b>
		</field>
			<field>
			<a>isSpouseAgeUsed</a>
			<b get-method="isIsSpouseAgeUsed">isSpouseAgeUsed</b>
		</field>
		<field custom-converter="com.bmo.channel.pwob.convert.GregorianConvertor">
			<a>spouseElectionVerifiedDate</a>
			<b>spouseElectionVerifiedDate</b>
		</field>
		
	</mapping>
	
	

</mappings>
