<?xml version="1.0" encoding="UTF-8"?>
<mappings xmlns="http://dozer.sourceforge.net" xmlns:xsi="http://www.w3.org/2001/XMLSchema-instance"
	xsi:schemaLocation="http://dozer.sourceforge.net http://dozer.sourceforge.net/schema/beanmapping.xsd">
	<mapping>
		<class-a>com.bmo.channel.pwob.model.onboarding.Party</class-a>
		<class-b>com.bmo.channel.common.domain.party.Person</class-b>
		<field>
			<a>personal.identity.dateOfBirth</a>
			<b>dateOfBirth</b>
		</field>
		<field>
			<a>personal.identity.maritalStatus</a>
			<b>maritalStatus</b>
		</field>
		<field>
			<a>personal.identity.socialInsuranceNumber</a>
			<b>sin</b>
		</field>
		<field>
			<a>personal.identity.numOfDependents</a>
			<b>numOfDependents</b>
		</field>
	</mapping>
</mappings>