<?xml version="1.0" encoding="UTF-8"?>
<mappings xmlns="http://dozer.sourceforge.net" xmlns:xsi="http://www.w3.org/2001/XMLSchema-instance"
	xsi:schemaLocation="http://dozer.sourceforge.net http://dozer.sourceforge.net/schema/beanmapping.xsd">
	<!-- onboard application to clientData and clientData to onbaord application -->

	<mapping map-empty-string="false" map-null="false">
		<class-a>com.bmo.channel.pwob.service.risprefill.RisMappingServiceImpl.PartyListWrapper</class-a>
		<class-b>com.bmo.onboarding.IndividualParty</class-b>
		
		<!-- parties[0] is the primary and parties[1] is the spouse -->
		<field>
			<a>parties[0].personal.identity.socialInsuranceNumber</a>
			<b>personalInformation.sin</b>
		</field>
		
		<!-- Personal information legal name mapping -->
		
		<field>
			<a>parties[0].personal.identity.legalName</a>
			<b>personalInformation</b>			
		</field>
		<field>
			<a>parties[0].personal.identity.maritalStatus</a>
			<b>personalInformation.maritalStatus</b>
		</field>
		<field>
			<a>parties[0].personal.identity.primaryEmailAddress</a>
			<b>partyAgreementInformation.emailAddressList.emailAddress[0]</b>
		</field>
		<field>
			<a>parties[0].personal.identity.citizenships[0]</a>
			<b>personalInformation.citizenship</b>
		</field>
		
		<!-- Personal information preferred name mapping -->
		<field>
			<a>parties[0].personal.identity.preferredName.firstName</a>
			<b>personalInformation.preferredFirstName</b>					
		</field>
		<field>
			<a>parties[0].personal.identity.preferredName.lastName</a>
			<b>personalInformation.preferredLastName</b>					
		</field>
		<field>
			<a>parties[0].personal.identity.preferredName.middleName</a>
			<b>personalInformation.preferredMiddleName</b>					
		</field>	
		<!-- Spouse information mapping -->
		<field>
			<a>parties[1].personal.identity.socialInsuranceNumber</a>
			<b>spousalInformation.personalInformation.sin</b>
		</field>
		<field>
			<a>parties[1].personal.identity.legalName</a>
			<b>spousalInformation.personalInformation</b>
		</field>
		
		<!-- Primary Address Mapping -->		
		
		<field>
			<a>parties[0].personal.residence.primaryAddress.unitNumber</a>
			<b>contactInformation.primaryAddress.unit</b>
		</field>
		
			<field>
			<a>parties[0].personal.residence.primaryAddress.streetAddress</a>
			<b>contactInformation.primaryAddress.street</b>
		</field>
		
		<field>
			<a>parties[0].personal.residence.primaryAddress.postalCode</a>
			<b>contactInformation.primaryAddress.postalCode</b>
		</field>
		
		<field>
			<a>parties[0].personal.residence.primaryAddress.city</a>
			<b>contactInformation.primaryAddress.city</b>
		</field>
		
		<field>
			<a>parties[0].personal.residence.primaryAddress.country</a>
			<b>contactInformation.primaryAddress.country</b>
		</field>
		
		<field>
			<a>parties[0].personal.residence.primaryAddress.province</a>
			<b>contactInformation.primaryAddress.province</b>
		</field>
		
		<!-- Home and Other Phone Mapping -->
		
		<field>
			<a>parties[0].personal.residence.primaryPhone.phoneNumber</a>
			<b>contactInformation.homePhoneNumber</b>
		</field>
		
		<field>
			<a>parties[0].personal.residence.primaryPhone.countryCode</a>
			<b>contactInformation.homePhoneCountryCode</b>
		</field>
		
		<field>
			<a>parties[0].personal.residence.secondaryPhone.phoneNumber</a>
			<b>contactInformation.otherPhoneNumber</b>
		</field>
		
		<field>
			<a>parties[0].personal.residence.secondaryPhone.countryCode</a>
			<b>contactInformation.otherPhoneCountryCode</b>
		</field>
		
		<field>
			<a>parties[0].personal.residence.secondaryPhone.phoneExtension</a>
			<b>contactInformation.otherPhoneExtension</b>
		</field>
		
		<!-- Business Phone Mapping -->
		
		<field>
			<a>parties[0].personal.employment.primaryBusinessPhone.phoneNumber</a>
			<b>employmentInformation.businessPhone</b>
		</field>
		<field>
			<a>parties[0].personal.employment.primaryBusinessPhone.countryCode</a>
			<b>employmentInformation.businessPhoneCountryCode</b>
		</field>
		<field>
			<a>parties[0].personal.employment.primaryBusinessPhone.phoneExtension</a>
			<b>employmentInformation.businessExtension</b>
		</field>	
			
		<!-- DOB mapping -->		
		<field custom-converter="com.bmo.channel.pwob.convert.GregorianConvertor">
			<a>parties[0].personal.identity.dateOfBirth</a>
			<b>personalInformation.dateOfBirth</b>
		</field>	
		<field>
			<a>parties[0].personal.identity.preferredLanguage</a>
			<b>preferredLanguage</b>
		</field>
		
		<field>
			<a>parties[0].personal.identity.preferredLanguage</a>
			<b>preferredLanguage</b>
		</field>
		
		<field>
			<a>parties[0].personal.identity.preferredLanguage</a>
			<b>preferredLanguage</b>
		</field>		
		
		<!-- dependent mapping -->		
		<field>
			<a>parties[0].personal.identity.numOfDependents</a>
			<b>numberOfDependents</b>
		</field>


		<!-- Primary applicant Employment information -->		
		
		<field>
			<a>parties[0].personal.employment.employerBusinessName</a>
			<b>employmentInformation.employer.name</b>
		</field>

		<field>
			<a>parties[0].personal.employment.employmentStatus</a>
			<b>employmentInformation.status</b>
		</field>
		
		<field>
			<a>parties[0].personal.employment.occupation</a>
			<b>employmentInformation.occupation</b>
		</field>
				
		<field>
			<a>parties[0].personal.employment.natureOfBusiness</a>
			<b>employmentInformation.typeOfBusiness</b>
		</field>
		
		<field>
			<a>parties[0].personal.employment.bmoGroup</a>
			<b>employmentInformation.bmoLineOfBusiness</b>
		</field>
				
		<!-- Primary applicant Employment Address Mapping -->		
		
		<field>
			<a>parties[0].personal.employment.employmentAddress.unitNumber</a>
			<b>employmentInformation.employer.address.unit</b>
		</field>
		
 		<field>
			<a>parties[0].personal.employment.employmentAddress.streetAddress</a>
			<b>employmentInformation.employer.address.street</b>
		</field>

		<field>
			<a>parties[0].personal.employment.employmentAddress.postalCode</a>
			<b>employmentInformation.employer.address.postalCode</b>
		</field>
		
		<field>
			<a>parties[0].personal.employment.employmentAddress.city</a>
			<b>employmentInformation.employer.address.city</b>
		</field>
		
		<field>
			<a>parties[0].personal.employment.employmentAddress.country</a>
			<b>employmentInformation.employer.address.country</b>
		</field>
		
		<field>
			<a>parties[0].personal.employment.employmentAddress.province</a>
			<b>employmentInformation.employer.address.province</b>
		</field>
			
		<!-- Spouse Employment information -->		
		
		<field>
			<a>parties[1].personal.employment.employerBusinessName</a>
			<b>spousalInformation.employmentInformation.employer.name</b>
		</field>
				
		<field>
			<a>parties[1].personal.employment.employmentStatus</a>
			<b>spousalInformation.employmentInformation.status</b>
		</field>
		
		<field>
			<a>parties[1].personal.employment.occupation</a>
			<b>spousalInformation.employmentInformation.occupation</b>
		</field>
				
		<field>
			<a>parties[1].personal.employment.natureOfBusiness</a>
			<b>spousalInformation.employmentInformation.typeOfBusiness</b>
		</field>
		
		<field>
			<a>parties[1].personal.employment.bmoGroup</a>
			<b>spousalInformation.employmentInformation.bmoLineOfBusiness</b>
		</field>
				
		<!-- Spouse Employment Address Mapping -->		
		
		<field>
			<a>parties[1].personal.employment.employmentAddress.unitNumber</a>
			<b>spousalInformation.employmentInformation.employer.address.unit</b>
		</field>
		
		<field>
			<a>parties[1].personal.employment.employmentAddress.streetAddress</a>
			<b>spousalInformation.employmentInformation.employer.address.street</b>
		</field>
		
		<field>
			<a>parties[1].personal.employment.employmentAddress.postalCode</a>
			<b>spousalInformation.employmentInformation.employer.address.postalCode</b>
		</field>
		
		<field>
			<a>parties[1].personal.employment.employmentAddress.city</a>
			<b>spousalInformation.employmentInformation.employer.address.city</b>
		</field>
		
		<field>
			<a>parties[1].personal.employment.employmentAddress.country</a>
			<b>spousalInformation.employmentInformation.employer.address.country</b>
		</field>
		
		<field>
			<a>parties[1].personal.employment.employmentAddress.province</a>
			<b>spousalInformation.employmentInformation.employer.address.province</b>
		</field>

		<!-- Tax Residency Purpose Mapping -->
		<field>
			<a>parties[0].personal.residencyForTax</a>
			<b>personalInformation.residencyInformationForTaxList.residencyInformationForTax</b>
			<a-hint>com.bmo.channel.pwob.model.onboarding.TaxResidency</a-hint>
			<b-hint>com.bmo.onboarding.ResidencyInformationForTax</b-hint>
		</field>		

	</mapping>	
	
	<mapping>
		<class-a>com.bmo.channel.pwob.model.onboarding.TaxResidency</class-a>
		<class-b>com.bmo.onboarding.ResidencyInformationForTax</class-b>
		<field>
			<a>country</a>
			<b>residencyCountryForTax</b>
		</field>	
		<field>
			<a>taxIdentificationNumber</a>
			<b>identificationInformation.identificationNumber</b>
		</field>
		
		<field>
			<a>taxIdentificationNumberMissingReason</a>
			<b>reason</b>
		</field>
		
		<field>
			<a>taxIdentificationNumberMissingReasonDescription</a>
			<b>otherReason</b>
		</field>
	</mapping>
	
</mappings>
