<?xml version="1.0" encoding="UTF-8"?>
<beans xmlns="http://www.springframework.org/schema/beans"
	xmlns:xsi="http://www.w3.org/2001/XMLSchema-instance"
	xmlns:aop="http://www.springframework.org/schema/aop"
	xmlns:util="http://www.springframework.org/schema/util"
	xmlns:context="http://www.springframework.org/schema/context"
	xsi:schemaLocation="http://www.springframework.org/schema/beans http://www.springframework.org/schema/beans/spring-beans.xsd
						http://www.springframework.org/schema/aop  http://www.springframework.org/schema/aop/spring-aop.xsd
						http://www.springframework.org/schema/util http://www.springframework.org/schema/util/spring-util.xsd
						http://www.springframework.org/schema/context
						http://www.springframework.org/schema/context/spring-context.xsd">

		<!-- Please do not remove component scan !!! it wires up your Spring beans -->

		<!--*********************************************************** -->
		<!--******************  Spring Component scan  **************** -->
		<!--*********************************************************** -->

	<context:component-scan base-package="com.bmo.channel" >
		<context:include-filter type="annotation" expression="org.springframework.stereotype.Component"/>
 		<context:include-filter type="annotation" expression="org.springframework.stereotype.Service"/>
 		<context:include-filter type="annotation" expression="org.springframework.stereotype.Repository"/>
 		<context:include-filter type="annotation" expression="org.springframework.context.annotation.Configuration"/>
 		<context:exclude-filter type="annotation" expression="org.springframework.stereotype.Controller"/>
	</context:component-scan>

	<context:annotation-config />

	<!--*********************************************************** -->
	<!--**********************   Spring AOP     ******************* -->
	<!--*********************************************************** -->
	<aop:config>
		<!-- Channel REST services -->
		<aop:aspect ref="pwobLoggingAspect">
			<aop:pointcut expression="execution(* com.bmo.channel.pwob.rest.endpoint.jaxrs.v1.*Endpoint.*(..))" id="endpointPointcut" />
			<aop:around method="aroundAdvice" pointcut-ref="endpointPointcut" />
		</aop:aspect>
		<!-- Log REST services -->
		<aop:aspect ref="loggingAspect">
			<!-- This will intercept any Service methods -->
			<aop:pointcut id="servicePointcut"
				expression="execution(* com.bmo.channel.pwob.service.*.*.*(..)) &amp;&amp;
				!execution(* com.bmo.channel.pwob.service.authorization.SecurityService.*(..))  &amp;&amp;
				!execution(* com.bmo.channel.pwob.service.user.UsersService.*(..)) &amp;&amp;
				!execution(* com.bmo.channel.pwob.service.reference.ReferencesService.*(..))"
				 />
			<aop:around method="aroundAdvice" pointcut-ref="servicePointcut" />
		</aop:aspect>
		<aop:aspect ref="srvcNameAspect">
		<!-- 	This will intercept any Service methods -->
			<aop:pointcut id="srvcPointcut"
				expression="execution(* com.bmo.channel.pwob.service.*.*.*(..)) &amp;&amp;
				!execution(* com.bmo.channel.pwob.service.authorization.SecurityService.*(..))  &amp;&amp;
				!execution(* com.bmo.channel.pwob.service.user.UsersService.*(..)) &amp;&amp;
				!execution(* com.bmo.channel.pwob.service.reference.ReferencesService.*(..))"
				 />
			<aop:around method="aroundAdvice" pointcut-ref="srvcPointcut" />
		</aop:aspect>
			<!-- HUB SOAP services -->
		<aop:aspect ref="loggingAspect">
			<aop:pointcut expression="execution(* net.bmogc.xmlns.hub.cg.*.*.*.*.*.*(..))" id="hubPointcut" />
			<aop:around method="aroundAdvice" pointcut-ref="hubPointcut" />
		</aop:aspect>
	</aop:config>
</beans>
